id,area_ha,perimeter_m,compactness,width_m,height_m,cause
13,199.9,5998.0,0.6982480560682611,1999.0,1000.0,eau_probable
52,199.9,5998.0,0.6982480560682611,1999.0,1000.0,eau_probable
211,199.8,5998.0,0.6978987573908882,2000.0,999.0,eau_probable
344,0.5036,1264.0,0.03960968946152008,79.0,137.0,indetermine
9,0.3254,886.0,0.05209067304690056,75.0,90.0,indetermine
69,0.2294,602.0,0.07954452541732415,56.0,95.0,indetermine
102,0.0518,224.0,0.12973094663261422,65.0,15.0,indetermine
235,0.0496,380.0,0.04316426471414231,59.0,92.0,indetermine
107,0.0369,198.0,0.1182785112921777,52.0,33.0,indetermine
285,0.0367,242.0,0.07874902696997843,25.0,64.0,indetermine
254,0.0311,230.0,0.0738779066364027,29.0,63.0,indetermine
213,0.0236,142.0,0.14707714069573322,24.0,25.0,indetermine
189,0.0232,118.0,0.20937934376122724,28.0,22.0,indetermine
306,0.0175,134.0,0.12247242467770411,33.0,29.0,indetermine
247,0.0169,112.0,0.16930138981399076,30.0,25.0,indetermine
283,0.0143,98.0,0.18710860035957536,10.0,35.0,indetermine
302,0.0125,74.0,0.2868510457989219,15.0,16.0,indetermine
242,0.0123,120.0,0.10733774899765126,13.0,39.0,indetermine
228,0.0099,70.0,0.2538919777186853,18.0,10.0,indetermine
240,0.0093,58.0,0.34740560854203417,10.0,17.0,indetermine
244,0.0092,64.0,0.28225246497095796,15.0,16.0,indetermine
347,0.0088,74.0,0.20194313624244103,17.0,16.0,indetermine
162,0.0084,76.0,0.1827519272171348,16.0,21.0,indetermine
137,0.0077,58.0,0.28763690169609285,10.0,15.0,indetermine
55,0.0069,62.0,0.22556700634515683,9.0,14.0,indetermine
196,0.0066,50.0,0.33175218421908215,12.0,13.0,indetermine
278,0.0064,52.0,0.29742889028069047,18.0,8.0,indetermine
249,0.0063,54.0,0.2714956614213402,13.0,14.0,indetermine
59,0.0062,62.0,0.2026833970057931,11.0,13.0,indetermine
290,0.0062,66.0,0.17886018780768334,10.0,18.0,indetermine
312,0.0061,56.0,0.24443514269002217,10.0,14.0,indetermine
110,0.0055,38.0,0.47863599985440064,9.0,10.0,indetermine
212,0.005,58.0,0.18677720889356678,9.0,14.0,indetermine
63,0.0049,52.0,0.22771899412115362,9.0,14.0,indetermine
204,0.0047,54.0,0.20254438233020616,13.0,8.0,indetermine
287,0.0047,56.0,0.18833527387591872,15.0,10.0,indetermine
26,0.0046,44.0,0.29858111996927783,15.0,6.0,indetermine
160,0.0043,46.0,0.25536575445058807,6.0,15.0,indetermine
30,0.0042,38.0,0.3655038544342696,9.0,9.0,indetermine
175,0.0041,40.0,0.32201324699295375,11.0,8.0,indetermine
297,0.004,42.0,0.28495171461131913,5.0,16.0,indetermine
245,0.0037,32.0,0.4540583132141498,12.0,4.0,indetermine
243,0.0036,40.0,0.2827433388230814,6.0,13.0,indetermine
184,0.0034,36.0,0.3296733031544845,9.0,8.0,indetermine
15,0.0033,46.0,0.1959783696946374,11.0,7.0,indetermine
252,0.0033,38.0,0.28718159991264036,12.0,4.0,indetermine
261,0.0033,44.0,0.214199499108395,9.0,9.0,indetermine
185,0.0032,30.0,0.4468042885105484,6.0,9.0,indetermine
97,0.0031,36.0,0.3005844822879123,6.0,9.0,indetermine
206,0.0031,40.0,0.24347343065320895,10.0,10.0,indetermine
44,0.0027,26.0,0.5019112523486652,7.0,6.0,indetermine
95,0.0027,34.0,0.29350519601011904,7.0,8.0,indetermine
146,0.0027,40.0,0.21205750411731103,7.0,12.0,indetermine
299,0.0027,30.0,0.37699111843077515,4.0,10.0,indetermine
106,0.0026,28.0,0.4167418826190542,7.0,6.0,indetermine
188,0.0026,28.0,0.4167418826190542,4.0,10.0,indetermine
294,0.0026,30.0,0.36302848441482055,6.0,7.0,indetermine
222,0.0024,36.0,0.23271056693257727,9.0,7.0,indetermine
215,0.0023,28.0,0.3686562807783941,7.0,7.0,indetermine
152,0.0022,30.0,0.307177948351002,6.0,8.0,indetermine
178,0.0022,34.0,0.23915238193417107,4.0,11.0,indetermine
305,0.0022,32.0,0.2699806186678728,9.0,5.0,indetermine
27,0.0021,24.0,0.45814892864851153,7.0,5.0,indetermine
101,0.0021,26.0,0.3903754184934063,6.0,6.0,indetermine
172,0.0021,28.0,0.3365992128846207,7.0,7.0,indetermine
194,0.0021,26.0,0.3903754184934063,5.0,7.0,indetermine
251,0.0021,26.0,0.3903754184934063,5.0,7.0,indetermine
284,0.0021,32.0,0.25770877236478773,9.0,7.0,indetermine
207,0.002,28.0,0.320570678937734,5.0,9.0,indetermine
86,0.0019,22.0,0.493307937340546,5.0,5.0,indetermine
31,0.0018,22.0,0.4673443616910436,5.0,5.0,indetermine
34,0.0018,26.0,0.3346075015657768,8.0,4.0,indetermine
159,0.0018,24.0,0.39269908169872414,7.0,5.0,indetermine
225,0.0018,22.0,0.4673443616910436,5.0,6.0,indetermine
362,0.0018,26.0,0.3346075015657768,5.0,6.0,indetermine
131,0.0017,30.0,0.23736477827122882,5.0,8.0,indetermine
182,0.0017,26.0,0.31601819592323366,5.0,8.0,indetermine
268,0.0017,22.0,0.4413807860415412,7.0,4.0,indetermine
23,0.0016,26.0,0.29742889028069047,7.0,5.0,indetermine
132,0.0016,22.0,0.41541721039203877,4.0,6.0,indetermine
193,0.0016,26.0,0.29742889028069047,4.0,9.0,indetermine
154,0.0015,18.0,0.5817764173314431,4.0,5.0,indetermine
224,0.0015,24.0,0.32724923474893675,4.0,8.0,indetermine
269,0.0015,20.0,0.4712388980384689,6.0,4.0,indetermine
368,0.0015,20.0,0.4712388980384689,5.0,5.0,indetermine
98,0.0014,18.0,0.5429913228426803,4.0,5.0,indetermine
205,0.0014,26.0,0.26025027899560416,5.0,7.0,indetermine
138,0.0013,22.0,0.33752648344353153,7.0,3.0,indetermine
164,0.0013,20.0,0.4084070449666731,5.0,5.0,indetermine
257,0.0013,22.0,0.33752648344353153,6.0,5.0,indetermine
128,0.0012,16.0,0.5890486225480862,4.0,4.0,indetermine
177,0.0012,20.0,0.37699111843077515,4.0,6.0,indetermine
29,0.0011,24.0,0.23998277214922029,5.0,6.0,indetermine
103,0.0011,20.0,0.34557519189487723,7.0,3.0,indetermine
186,0.0011,16.0,0.5399612373357456,3.0,5.0,indetermine
307,0.0011,16.0,0.5399612373357456,3.0,5.0,indetermine
50,0.001,18.0,0.3878509448876288,5.0,4.0,indetermine
66,0.001,16.0,0.4908738521234052,4.0,4.0,indetermine
167,0.001,18.0,0.3878509448876288,3.0,6.0,indetermine
230,0.001,18.0,0.3878509448876288,5.0,3.0,indetermine
265,0.001,16.0,0.4908738521234052,4.0,4.0,indetermine
4,0.0009,16.0,0.44178646691106466,3.0,5.0,indetermine
57,0.0009,16.0,0.44178646691106466,3.0,5.0,indetermine
281,0.0009,18.0,0.3490658503988659,4.0,5.0,indetermine
292,0.0009,16.0,0.44178646691106466,5.0,3.0,indetermine
33,0.0008,18.0,0.310280755910103,2.0,6.0,indetermine
41,0.0008,12.0,0.6981317007977318,3.0,3.0,indetermine
77,0.0008,18.0,0.310280755910103,4.0,4.0,indetermine
135,0.0008,16.0,0.39269908169872414,2.0,5.0,indetermine
296,0.0008,16.0,0.39269908169872414,4.0,4.0,indetermine
78,0.0007,12.0,0.6108652381980153,4.0,2.0,indetermine
108,0.0007,16.0,0.3436116964863836,4.0,4.0,indetermine
124,0.0007,14.0,0.4487989505128276,4.0,3.0,indetermine
201,0.0007,14.0,0.4487989505128276,4.0,3.0,indetermine
315,0.0007,16.0,0.3436116964863836,3.0,5.0,indetermine
337,0.0007,16.0,0.3436116964863836,3.0,5.0,indetermine
357,0.0007,14.0,0.4487989505128276,3.0,4.0,indetermine
42,0.0006,10.0,0.7539822368615503,3.0,2.0,indetermine
43,0.0006,12.0,0.5235987755982988,3.0,3.0,indetermine
53,0.0006,14.0,0.38468481472528077,4.0,3.0,indetermine
62,0.0006,12.0,0.5235987755982988,3.0,3.0,indetermine
96,0.0006,14.0,0.38468481472528077,3.0,4.0,indetermine
99,0.0006,12.0,0.5235987755982988,3.0,3.0,indetermine
112,0.0006,12.0,0.5235987755982988,2.0,4.0,indetermine
200,0.0006,14.0,0.38468481472528077,4.0,3.0,indetermine
216,0.0006,14.0,0.38468481472528077,3.0,4.0,indetermine
226,0.0006,12.0,0.5235987755982988,3.0,3.0,indetermine
266,0.0006,10.0,0.7539822368615503,3.0,2.0,indetermine
286,0.0006,12.0,0.5235987755982988,2.0,4.0,indetermine
321,0.0006,12.0,0.5235987755982988,4.0,2.0,indetermine
352,0.0006,14.0,0.38468481472528077,5.0,2.0,indetermine
358,0.0006,12.0,0.5235987755982988,2.0,4.0,indetermine
365,0.0006,14.0,0.38468481472528077,4.0,3.0,indetermine
3,0.0005,12.0,0.4363323129985824,3.0,3.0,indetermine
22,0.0005,12.0,0.4363323129985824,3.0,3.0,indetermine
37,0.0005,12.0,0.4363323129985824,4.0,2.0,indetermine
113,0.0005,12.0,0.4363323129985824,3.0,3.0,indetermine
121,0.0005,12.0,0.4363323129985824,3.0,3.0,indetermine
192,0.0005,12.0,0.4363323129985824,2.0,4.0,indetermine
276,0.0005,10.0,0.6283185307179586,2.0,3.0,indetermine
25,0.0004,10.0,0.5026548245743669,3.0,2.0,indetermine
73,0.0004,10.0,0.5026548245743669,3.0,2.0,indetermine
81,0.0004,10.0,0.5026548245743669,3.0,2.0,indetermine
114,0.0004,10.0,0.5026548245743669,3.0,2.0,indetermine
122,0.0004,10.0,0.5026548245743669,3.0,2.0,indetermine
203,0.0004,10.0,0.5026548245743669,1.0,4.0,indetermine
309,0.0004,10.0,0.5026548245743669,3.0,2.0,indetermine
331,0.0004,10.0,0.5026548245743669,3.0,2.0,indetermine
339,0.0004,10.0,0.5026548245743669,1.0,4.0,indetermine
363,0.0004,10.0,0.5026548245743669,2.0,3.0,indetermine
364,0.0004,10.0,0.5026548245743669,3.0,2.0,indetermine
7,0.0003,8.0,0.5890486225480862,2.0,2.0,indetermine
19,0.0003,8.0,0.5890486225480862,3.0,1.0,indetermine
51,0.0003,8.0,0.5890486225480862,3.0,1.0,indetermine
74,0.0003,8.0,0.5890486225480862,3.0,1.0,indetermine
94,0.0003,8.0,0.5890486225480862,2.0,2.0,indetermine
133,0.0003,8.0,0.5890486225480862,1.0,3.0,indetermine
136,0.0003,8.0,0.5890486225480862,2.0,2.0,indetermine
158,0.0003,8.0,0.5890486225480862,3.0,1.0,indetermine
161,0.0003,8.0,0.5890486225480862,2.0,2.0,indetermine
166,0.0003,8.0,0.5890486225480862,2.0,2.0,indetermine
179,0.0003,8.0,0.5890486225480862,2.0,2.0,indetermine
183,0.0003,8.0,0.5890486225480862,3.0,1.0,indetermine
280,0.0003,8.0,0.5890486225480862,2.0,2.0,indetermine
282,0.0003,8.0,0.5890486225480862,2.0,2.0,indetermine
313,0.0003,8.0,0.5890486225480862,1.0,3.0,indetermine
323,0.0003,8.0,0.5890486225480862,2.0,2.0,indetermine
324,0.0003,8.0,0.5890486225480862,3.0,1.0,indetermine
335,0.0003,8.0,0.5890486225480862,2.0,2.0,indetermine
1,0.0002,6.0,0.6981317007977318,2.0,1.0,indetermine
5,0.0002,6.0,0.6981317007977318,2.0,1.0,indetermine
10,0.0002,6.0,0.6981317007977318,1.0,2.0,indetermine
17,0.0002,6.0,0.6981317007977318,2.0,1.0,indetermine
18,0.0002,6.0,0.6981317007977318,2.0,1.0,indetermine
21,0.0002,6.0,0.6981317007977318,2.0,1.0,indetermine
45,0.0002,6.0,0.6981317007977318,2.0,1.0,indetermine
47,0.0002,6.0,0.6981317007977318,2.0,1.0,indetermine
54,0.0002,6.0,0.6981317007977318,1.0,2.0,indetermine
61,0.0002,6.0,0.6981317007977318,2.0,1.0,indetermine
64,0.0002,6.0,0.6981317007977318,2.0,1.0,indetermine
71,0.0002,6.0,0.6981317007977318,1.0,2.0,indetermine
80,0.0002,6.0,0.6981317007977318,1.0,2.0,indetermine
85,0.0002,6.0,0.6981317007977318,1.0,2.0,indetermine
87,0.0002,6.0,0.6981317007977318,1.0,2.0,indetermine
88,0.0002,6.0,0.6981317007977318,2.0,1.0,indetermine
89,0.0002,6.0,0.6981317007977318,2.0,1.0,indetermine
91,0.0002,6.0,0.6981317007977318,1.0,2.0,indetermine
125,0.0002,6.0,0.6981317007977318,2.0,1.0,indetermine
145,0.0002,6.0,0.6981317007977318,1.0,2.0,indetermine
147,0.0002,6.0,0.6981317007977318,1.0,2.0,indetermine
149,0.0002,6.0,0.6981317007977318,2.0,1.0,indetermine
163,0.0002,6.0,0.6981317007977318,2.0,1.0,indetermine
171,0.0002,6.0,0.6981317007977318,2.0,1.0,indetermine
173,0.0002,6.0,0.6981317007977318,1.0,2.0,indetermine
176,0.0002,6.0,0.6981317007977318,1.0,2.0,indetermine
180,0.0002,6.0,0.6981317007977318,2.0,1.0,indetermine
187,0.0002,6.0,0.6981317007977318,1.0,2.0,indetermine
190,0.0002,6.0,0.6981317007977318,1.0,2.0,indetermine
195,0.0002,6.0,0.6981317007977318,1.0,2.0,indetermine
197,0.0002,6.0,0.6981317007977318,2.0,1.0,indetermine
202,0.0002,6.0,0.6981317007977318,2.0,1.0,indetermine
209,0.0002,6.0,0.6981317007977318,2.0,1.0,indetermine
210,0.0002,6.0,0.6981317007977318,1.0,2.0,indetermine
231,0.0002,6.0,0.6981317007977318,2.0,1.0,indetermine
233,0.0002,6.0,0.6981317007977318,1.0,2.0,indetermine
234,0.0002,6.0,0.6981317007977318,2.0,1.0,indetermine
237,0.0002,6.0,0.6981317007977318,2.0,1.0,indetermine
238,0.0002,6.0,0.6981317007977318,2.0,1.0,indetermine
241,0.0002,6.0,0.6981317007977318,1.0,2.0,indetermine
253,0.0002,6.0,0.6981317007977318,2.0,1.0,indetermine
256,0.0002,6.0,0.6981317007977318,1.0,2.0,indetermine
262,0.0002,6.0,0.6981317007977318,2.0,1.0,indetermine
263,0.0002,6.0,0.6981317007977318,2.0,1.0,indetermine
264,0.0002,6.0,0.6981317007977318,2.0,1.0,indetermine
303,0.0002,6.0,0.6981317007977318,2.0,1.0,indetermine
310,0.0002,6.0,0.6981317007977318,1.0,2.0,indetermine
317,0.0002,6.0,0.6981317007977318,1.0,2.0,indetermine
345,0.0002,6.0,0.6981317007977318,2.0,1.0,indetermine
360,0.0002,6.0,0.6981317007977318,2.0,1.0,indetermine
0,0.0001,4.0,0.7853981633974483,1.0,1.0,indetermine
2,0.0001,4.0,0.7853981633974483,1.0,1.0,indetermine
6,0.0001,4.0,0.7853981633974483,1.0,1.0,indetermine
8,0.0001,4.0,0.7853981633974483,1.0,1.0,indetermine
11,0.0001,4.0,0.7853981633974483,1.0,1.0,indetermine
12,0.0001,4.0,0.7853981633974483,1.0,1.0,indetermine
14,0.0001,4.0,0.7853981633974483,1.0,1.0,indetermine
16,0.0001,4.0,0.7853981633974483,1.0,1.0,indetermine
20,0.0001,4.0,0.7853981633974483,1.0,1.0,indetermine
24,0.0001,4.0,0.7853981633974483,1.0,1.0,indetermine
28,0.0001,4.0,0.7853981633974483,1.0,1.0,indetermine
32,0.0001,4.0,0.7853981633974483,1.0,1.0,indetermine
35,0.0001,4.0,0.7853981633974483,1.0,1.0,indetermine
36,0.0001,4.0,0.7853981633974483,1.0,1.0,indetermine
38,0.0001,4.0,0.7853981633974483,1.0,1.0,indetermine
39,0.0001,4.0,0.7853981633974483,1.0,1.0,indetermine
40,0.0001,4.0,0.7853981633974483,1.0,1.0,indetermine
46,0.0001,4.0,0.7853981633974483,1.0,1.0,indetermine
48,0.0001,4.0,0.7853981633974483,1.0,1.0,indetermine
49,0.0001,4.0,0.7853981633974483,1.0,1.0,indetermine
56,0.0001,4.0,0.7853981633974483,1.0,1.0,indetermine
58,0.0001,4.0,0.7853981633974483,1.0,1.0,indetermine
60,0.0001,4.0,0.7853981633974483,1.0,1.0,indetermine
65,0.0001,4.0,0.7853981633974483,1.0,1.0,indetermine
67,0.0001,4.0,0.7853981633974483,1.0,1.0,indetermine
68,0.0001,4.0,0.7853981633974483,1.0,1.0,indetermine
70,0.0001,4.0,0.7853981633974483,1.0,1.0,indetermine
72,0.0001,4.0,0.7853981633974483,1.0,1.0,indetermine
75,0.0001,4.0,0.7853981633974483,1.0,1.0,indetermine
76,0.0001,4.0,0.7853981633974483,1.0,1.0,indetermine
79,0.0001,4.0,0.7853981633974483,1.0,1.0,indetermine
82,0.0001,4.0,0.7853981633974483,1.0,1.0,indetermine
83,0.0001,4.0,0.7853981633974483,1.0,1.0,indetermine
84,0.0001,4.0,0.7853981633974483,1.0,1.0,indetermine
90,0.0001,4.0,0.7853981633974483,1.0,1.0,indetermine
92,0.0001,4.0,0.7853981633974483,1.0,1.0,indetermine
93,0.0001,4.0,0.7853981633974483,1.0,1.0,indetermine
100,0.0001,4.0,0.7853981633974483,1.0,1.0,indetermine
104,0.0001,4.0,0.7853981633974483,1.0,1.0,indetermine
105,0.0001,4.0,0.7853981633974483,1.0,1.0,indetermine
109,0.0001,4.0,0.7853981633974483,1.0,1.0,indetermine
111,0.0001,4.0,0.7853981633974483,1.0,1.0,indetermine
115,0.0001,4.0,0.7853981633974483,1.0,1.0,indetermine
116,0.0001,4.0,0.7853981633974483,1.0,1.0,indetermine
117,0.0001,4.0,0.7853981633974483,1.0,1.0,indetermine
118,0.0001,4.0,0.7853981633974483,1.0,1.0,indetermine
119,0.0001,4.0,0.7853981633974483,1.0,1.0,indetermine
120,0.0001,4.0,0.7853981633974483,1.0,1.0,indetermine
123,0.0001,4.0,0.7853981633974483,1.0,1.0,indetermine
126,0.0001,4.0,0.7853981633974483,1.0,1.0,indetermine
127,0.0001,4.0,0.7853981633974483,1.0,1.0,indetermine
129,0.0001,4.0,0.7853981633974483,1.0,1.0,indetermine
130,0.0001,4.0,0.7853981633974483,1.0,1.0,indetermine
134,0.0001,4.0,0.7853981633974483,1.0,1.0,indetermine
139,0.0001,4.0,0.7853981633974483,1.0,1.0,indetermine
140,0.0001,4.0,0.7853981633974483,1.0,1.0,indetermine
141,0.0001,4.0,0.7853981633974483,1.0,1.0,indetermine
142,0.0001,4.0,0.7853981633974483,1.0,1.0,indetermine
143,0.0001,4.0,0.7853981633974483,1.0,1.0,indetermine
144,0.0001,4.0,0.7853981633974483,1.0,1.0,indetermine
148,0.0001,4.0,0.7853981633974483,1.0,1.0,indetermine
150,0.0001,4.0,0.7853981633974483,1.0,1.0,indetermine
151,0.0001,4.0,0.7853981633974483,1.0,1.0,indetermine
153,0.0001,4.0,0.7853981633974483,1.0,1.0,indetermine
155,0.0001,4.0,0.7853981633974483,1.0,1.0,indetermine
156,0.0001,4.0,0.7853981633974483,1.0,1.0,indetermine
157,0.0001,4.0,0.7853981633974483,1.0,1.0,indetermine
165,0.0001,4.0,0.7853981633974483,1.0,1.0,indetermine
168,0.0001,4.0,0.7853981633974483,1.0,1.0,indetermine
169,0.0001,4.0,0.7853981633974483,1.0,1.0,indetermine
170,0.0001,4.0,0.7853981633974483,1.0,1.0,indetermine
174,0.0001,4.0,0.7853981633974483,1.0,1.0,indetermine
181,0.0001,4.0,0.7853981633974483,1.0,1.0,indetermine
191,0.0001,4.0,0.7853981633974483,1.0,1.0,indetermine
198,0.0001,4.0,0.7853981633974483,1.0,1.0,indetermine
199,0.0001,4.0,0.7853981633974483,1.0,1.0,indetermine
208,0.0001,4.0,0.7853981633974483,1.0,1.0,indetermine
214,0.0001,4.0,0.7853981633974483,1.0,1.0,indetermine
217,0.0001,4.0,0.7853981633974483,1.0,1.0,indetermine
218,0.0001,4.0,0.7853981633974483,1.0,1.0,indetermine
219,0.0001,4.0,0.7853981633974483,1.0,1.0,indetermine
220,0.0001,4.0,0.7853981633974483,1.0,1.0,indetermine
221,0.0001,4.0,0.7853981633974483,1.0,1.0,indetermine
223,0.0001,4.0,0.7853981633974483,1.0,1.0,indetermine
227,0.0001,4.0,0.7853981633974483,1.0,1.0,indetermine
229,0.0001,4.0,0.7853981633974483,1.0,1.0,indetermine
232,0.0001,4.0,0.7853981633974483,1.0,1.0,indetermine
236,0.0001,4.0,0.7853981633974483,1.0,1.0,indetermine
239,0.0001,4.0,0.7853981633974483,1.0,1.0,indetermine
246,0.0001,4.0,0.7853981633974483,1.0,1.0,indetermine
248,0.0001,4.0,0.7853981633974483,1.0,1.0,indetermine
250,0.0001,4.0,0.7853981633974483,1.0,1.0,indetermine
255,0.0001,4.0,0.7853981633974483,1.0,1.0,indetermine
258,0.0001,4.0,0.7853981633974483,1.0,1.0,indetermine
259,0.0001,4.0,0.7853981633974483,1.0,1.0,indetermine
260,0.0001,4.0,0.7853981633974483,1.0,1.0,indetermine
267,0.0001,4.0,0.7853981633974483,1.0,1.0,indetermine
270,0.0001,4.0,0.7853981633974483,1.0,1.0,indetermine
271,0.0001,4.0,0.7853981633974483,1.0,1.0,indetermine
272,0.0001,4.0,0.7853981633974483,1.0,1.0,indetermine
273,0.0001,4.0,0.7853981633974483,1.0,1.0,indetermine
274,0.0001,4.0,0.7853981633974483,1.0,1.0,indetermine
275,0.0001,4.0,0.7853981633974483,1.0,1.0,indetermine
277,0.0001,4.0,0.7853981633974483,1.0,1.0,indetermine
279,0.0001,4.0,0.7853981633974483,1.0,1.0,indetermine
288,0.0001,4.0,0.7853981633974483,1.0,1.0,indetermine
289,0.0001,4.0,0.7853981633974483,1.0,1.0,indetermine
291,0.0001,4.0,0.7853981633974483,1.0,1.0,indetermine
293,0.0001,4.0,0.7853981633974483,1.0,1.0,indetermine
295,0.0001,4.0,0.7853981633974483,1.0,1.0,indetermine
298,0.0001,4.0,0.7853981633974483,1.0,1.0,indetermine
300,0.0001,4.0,0.7853981633974483,1.0,1.0,indetermine
301,0.0001,4.0,0.7853981633974483,1.0,1.0,indetermine
304,0.0001,4.0,0.7853981633974483,1.0,1.0,indetermine
308,0.0001,4.0,0.7853981633974483,1.0,1.0,indetermine
311,0.0001,4.0,0.7853981633974483,1.0,1.0,indetermine
314,0.0001,4.0,0.7853981633974483,1.0,1.0,indetermine
316,0.0001,4.0,0.7853981633974483,1.0,1.0,indetermine
318,0.0001,4.0,0.7853981633974483,1.0,1.0,indetermine
319,0.0001,4.0,0.7853981633974483,1.0,1.0,indetermine
320,0.0001,4.0,0.7853981633974483,1.0,1.0,indetermine
322,0.0001,4.0,0.7853981633974483,1.0,1.0,indetermine
325,0.0001,4.0,0.7853981633974483,1.0,1.0,indetermine
326,0.0001,4.0,0.7853981633974483,1.0,1.0,indetermine
327,0.0001,4.0,0.7853981633974483,1.0,1.0,indetermine
328,0.0001,4.0,0.7853981633974483,1.0,1.0,indetermine
329,0.0001,4.0,0.7853981633974483,1.0,1.0,indetermine
330,0.0001,4.0,0.7853981633974483,1.0,1.0,indetermine
332,0.0001,4.0,0.7853981633974483,1.0,1.0,indetermine
333,0.0001,4.0,0.7853981633974483,1.0,1.0,indetermine
334,0.0001,4.0,0.7853981633974483,1.0,1.0,indetermine
336,0.0001,4.0,0.7853981633974483,1.0,1.0,indetermine
338,0.0001,4.0,0.7853981633974483,1.0,1.0,indetermine
340,0.0001,4.0,0.7853981633974483,1.0,1.0,indetermine
341,0.0001,4.0,0.7853981633974483,1.0,1.0,indetermine
342,0.0001,4.0,0.7853981633974483,1.0,1.0,indetermine
343,0.0001,4.0,0.7853981633974483,1.0,1.0,indetermine
346,0.0001,4.0,0.7853981633974483,1.0,1.0,indetermine
348,0.0001,4.0,0.7853981633974483,1.0,1.0,indetermine
349,0.0001,4.0,0.7853981633974483,1.0,1.0,indetermine
350,0.0001,4.0,0.7853981633974483,1.0,1.0,indetermine
351,0.0001,4.0,0.7853981633974483,1.0,1.0,indetermine
353,0.0001,4.0,0.7853981633974483,1.0,1.0,indetermine
354,0.0001,4.0,0.7853981633974483,1.0,1.0,indetermine
355,0.0001,4.0,0.7853981633974483,1.0,1.0,indetermine
356,0.0001,4.0,0.7853981633974483,1.0,1.0,indetermine
359,0.0001,4.0,0.7853981633974483,1.0,1.0,indetermine
361,0.0001,4.0,0.7853981633974483,1.0,1.0,indetermine
366,0.0001,4.0,0.7853981633974483,1.0,1.0,indetermine
367,0.0001,4.0,0.7853981633974483,1.0,1.0,indetermine
369,0.0001,4.0,0.7853981633974483,1.0,1.0,indetermine
370,0.0001,4.0,0.7853981633974483,1.0,1.0,indetermine
